path,language,bytes
Algorithm Class/Dynamic Programming/C++/11049.cpp,cpp,921
Algorithm Class/Dynamic Programming/C++/11052.cpp,cpp,647
Algorithm Class/Dynamic Programming/C++/9251.cpp,cpp,870
Algorithm Class/Dynamic Programming/C++/9252.cpp,cpp,1536
Algorithm Class/Greedy/C++/1931.cpp,cpp,720
Algorithm Class/Heap/C++/24173.cpp,cpp,2538
Algorithm Class/Heap/C++/24174.cpp,cpp,2502
Algorithm Class/Insertion Sort/C++/24051.cpp,cpp,981
Algorithm Class/Insertion Sort/C++/24052.cpp,cpp,1151
Algorithm Class/Merge Sort/C++/24060.cpp,cpp,1343
Algorithm Class/Merge Sort/C++/24061.cpp,cpp,1425
Algorithm Class/Quick Sort/C++/24090.cpp,cpp,1363
Algorithm Class/Quick Sort/C++/24091.cpp,cpp,1487
Algorithm Class/Quick Sort/C++/24092.cpp,cpp,1858
Algorithm Class/Selection Sort/C++/23881.cpp,cpp,1283
Algorithm Class/Selection Sort/C++/23882.cpp,cpp,1361
Algorithm Class/Selection Sort/C++/23889.cpp,cpp,1729
CapStone/2021-1.py,py,1154
CapStone/2021-10.py,py,0
CapStone/2021-11.py,py,0
CapStone/2021-2.py,py,1109
CapStone/2021-3.py,py,1240
CapStone/2021-4.py,py,0
CapStone/2021-5.py,py,0
CapStone/2021-6.py,py,0
CapStone/2021-7.py,py,0
CapStone/2021-8.py,py,0
CapStone/2021-9.py,py,0
CapStone/hsat1-1.py,py,0
CapStone/hsat1-2.py,py,0
CapStone/hsat2-1.py,py,0
CapStone/hsat2-2.py,py,0
CapStone/hsat3-1.py,py,0
CapStone/hsat3-2.py,py,0
CapStone/hsat4-1.py,py,0
CapStone/hsat4-2.py,py,0
CapStone/hsat5-1.py,py,0
CapStone/hsat5-2.py,py,679
CapStone/hsat6-1.py,py,0
CapStone/hsat6-2.py,py,0
CapStone/hsat7-1.py,py,406
CapStone/hsat7-2.py,py,961
CapStone/programing language.py,py,689
CapStone/t.py,py,89
Conditional Statement/2753.cpp,cpp,451
Conditional Statement/Main.java,java,1038
Etc/1654.cpp,cpp,651
Etc/2512.cpp,cpp,884
Etc/Bellman_Fold/11657.cpp,cpp,1717
Etc/BF/18111.cpp,cpp,1225
Etc/BF/2309.cpp,cpp,690
Etc/BFS/7576.cpp,cpp,1256
Etc/BS/1920.cpp,cpp,706
Etc/DFS/11724.cpp,cpp,774
Etc/DFS/1260.cpp,cpp,1340
Etc/Dijkstra/1238.cpp,cpp,1393
Etc/Dijkstra/17396.cpp,cpp,1666
Etc/Dijkstra/1753.cpp,cpp,1136
Etc/Disjoint Set/14595.cpp,cpp,1208
Etc/Disjoint Set/1717.cpp,cpp,1403
Etc/Disjoint Set/18116.cpp,cpp,1296
Etc/Disjoint Set/1976.cpp,cpp,1394
Etc/EZ/1001.cpp,cpp,339
Etc/EZ/1008.py,py,73
Etc/EZ/10101.cpp,cpp,574
Etc/EZ/10869.cpp,cpp,407
Etc/EZ/10886.cpp,cpp,593
Etc/EZ/10991.cpp,cpp,338
Etc/EZ/10992.cpp,cpp,477
Etc/EZ/10998.cpp,cpp,339
Etc/EZ/1330.cpp,cpp,399
Etc/EZ/13301.cpp,cpp,426
Etc/EZ/13699.cpp,cpp,453
Etc/EZ/14929.cpp,cpp,510
Etc/EZ/2557.cpp,cpp,319
Etc/EZ/2577.cpp,cpp,541
Etc/EZ/2739.cpp,cpp,402
Etc/EZ/2747.cpp,cpp,402
Etc/EZ/2748.cpp,cpp,379
Etc/EZ/2846.cpp,cpp,915
Etc/EZ/3052.cpp,cpp,755
Etc/EZ/5597.cpp,cpp,765
Etc/Floyd_Warshall/11404.cpp,cpp,1067
Etc/Floyd_Warshall/2610.cpp,cpp,1030
Etc/Greedy/1026.cpp,cpp,893
Etc/Greedy/1931.cpp,cpp,1593
Etc/Kruskal/1197.cpp,cpp,1546
Etc/Kruskal/14621.cpp,cpp,1727
Etc/Kruskal/1647.cpp,cpp,1599
Etc/PriorityQ/1927.cpp,cpp,480
Etc/Recursive call/10870.cpp,cpp,617
Etc/Recursive call/11729.cpp,cpp,981
Etc/Recursive call/1914.py,py,302
Etc/Recursive call/2257.cpp,cpp,1363
Etc/Recursive call/2609.cpp,cpp,575
Etc/Recursive call/9095.cpp,cpp,738
IO/Python/1000.py,py,406
IO/Python/1001.py,py,79
IO/Python/1008.py,py,126
IO/Python/10171.py,py,115
IO/Python/10172.py,py,146
IO/Python/10430.py,py,153
IO/Python/10869.py,py,156
IO/Python/10926.py,py,75
IO/Python/10998.py,py,80
IO/Python/11382.py,py,87
IO/Python/18108.py,py,76
IO/Python/2557.py,py,60
IO/Python/2588.py,py,171
